estim_params,param,index,delta_median_pct,delta_iqr25_pct,delta_iqr75_pct,ci_low,ci_high,n_fixed_grp,n_free_grp
9,mu0,AICc,,,,,,1,0
9,mu0,MNCI,,,,,,1,0
9,mu0,RSQ2,,,,,,1,0
9,mu0,GSS,,,,,,1,0
9,betaG0,AICc,,,,,,0,1
9,betaG0,MNCI,,,,,,0,1
9,betaG0,RSQ2,,,,,,0,1
9,betaG0,GSS,,,,,,0,1
9,betaF0,AICc,,,,,,1,0
9,betaF0,MNCI,,,,,,1,0
9,betaF0,RSQ2,,,,,,1,0
9,betaF0,GSS,,,,,,1,0
9,Kn0,AICc,,,,,,0,1
9,Kn0,MNCI,,,,,,0,1
9,Kn0,RSQ2,,,,,,0,1
9,Kn0,GSS,,,,,,0,1
9,Kg0,AICc,,,,,,1,0
9,Kg0,MNCI,,,,,,1,0
9,Kg0,RSQ2,,,,,,1,0
9,Kg0,GSS,,,,,,1,0
9,Kf0,AICc,,,,,,0,1
9,Kf0,MNCI,,,,,,0,1
9,Kf0,RSQ2,,,,,,0,1
9,Kf0,GSS,,,,,,0,1
9,Kig0,AICc,,,,,,0,1
9,Kig0,MNCI,,,,,,0,1
9,Kig0,RSQ2,,,,,,0,1
9,Kig0,GSS,,,,,,0,1
9,Kie0,AICc,,,,,,1,0
9,Kie0,MNCI,,,,,,1,0
9,Kie0,RSQ2,,,,,,1,0
9,Kie0,GSS,,,,,,1,0
9,Yxn,AICc,,,,,,0,1
9,Yxn,MNCI,,,,,,0,1
9,Yxn,RSQ2,,,,,,0,1
9,Yxn,GSS,,,,,,0,1
9,Yxg,AICc,,,,,,0,1
9,Yxg,MNCI,,,,,,0,1
9,Yxg,RSQ2,,,,,,0,1
9,Yxg,GSS,,,,,,0,1
9,Yxf,AICc,,,,,,0,1
9,Yxf,MNCI,,,,,,0,1
9,Yxf,RSQ2,,,,,,0,1
9,Yxf,GSS,,,,,,0,1
9,Yeg,AICc,,,,,,0,1
9,Yeg,MNCI,,,,,,0,1
9,Yeg,RSQ2,,,,,,0,1
9,Yeg,GSS,,,,,,0,1
9,Yef,AICc,,,,,,0,1
9,Yef,MNCI,,,,,,0,1
9,Yef,RSQ2,,,,,,0,1
9,Yef,GSS,,,,,,0,1
8,mu0,AICc,,,,,,1,14
8,mu0,MNCI,,,,,,1,14
8,mu0,RSQ2,,,,,,1,14
8,mu0,GSS,,,,,,1,14
8,betaG0,AICc,-2.783,-3.545,-1.964,-5.187,-0.498,10,5
8,betaG0,MNCI,-17.931,-21.143,-13.666,-27.608,-7.42,10,5
8,betaG0,RSQ2,4.197,2.488,5.503,0.075,8.929,10,5
8,betaG0,GSS,-28.981,-35.919,-20.391,-37.731,-2.883,10,5
8,betaF0,AICc,,,,,,15,0
8,betaF0,MNCI,,,,,,15,0
8,betaF0,RSQ2,,,,,,15,0
8,betaF0,GSS,,,,,,15,0
8,Kn0,AICc,,,,,,14,1
8,Kn0,MNCI,,,,,,14,1
8,Kn0,RSQ2,,,,,,14,1
8,Kn0,GSS,,,,,,14,1
8,Kg0,AICc,1.86,1.225,3.07,-0.327,5.14,7,8
8,Kg0,MNCI,18.917,12.73,27.601,-1.43,37.655,7,8
8,Kg0,RSQ2,-3.008,-4.273,-2.025,-7.961,0.044,7,8
8,Kg0,GSS,27.365,17.588,43.798,-1.044,56.679,7,8
8,Kf0,AICc,1.642,1.185,2.246,0.578,3.291,2,13
8,Kf0,MNCI,14.987,11.144,21.804,3.611,34.128,2,13
8,Kf0,RSQ2,-2.024,-3.274,-1.175,-5.711,0.358,2,13
8,Kf0,GSS,21.703,10.946,34.107,-1.044,56.054,2,13
8,Kig0,AICc,1.492,0.05,2.942,-2.036,5.02,2,13
8,Kig0,MNCI,1.736,-4.317,11.804,-20.381,31.154,2,13
8,Kig0,RSQ2,-3.419,-6.538,-2.349,-8.197,1.141,2,13
8,Kig0,GSS,-7.349,-8.838,10.824,-10.879,17.046,2,13
8,Kie0,AICc,2.336,1.173,3.695,-0.836,6.369,9,6
8,Kie0,MNCI,8.793,-0.069,17.187,-16.256,35.152,9,6
8,Kie0,RSQ2,-5.174,-6.422,-3.792,-9.54,-1.354,9,6
8,Kie0,GSS,30.18,24.095,33.717,11.455,63.459,9,6
8,Yxn,AICc,-2.283,-3.458,-1.17,-5.702,1.034,6,9
8,Yxn,MNCI,-8.082,-14.667,0.069,-26.01,18.339,6,9
8,Yxn,RSQ2,5.457,4.01,6.966,1.177,9.932,6,9
8,Yxn,GSS,-23.134,-24.903,-19.423,-37.476,-9.157,6,9
8,Yxg,AICc,-0.836,-1.318,-0.03,-2.523,1.416,3,12
8,Yxg,MNCI,0.233,-8.665,4.975,-21.7,14.566,3,12
8,Yxg,RSQ2,0.226,-0.608,2.171,-3.121,4.889,3,12
8,Yxg,GSS,9.695,-0.619,27.348,-17.782,60.675,3,12
8,Yxf,AICc,0.328,-1.799,1.442,-5.721,3.05,4,11
8,Yxf,MNCI,-11.013,-21.594,-0.66,-42.414,11.673,4,11
8,Yxf,RSQ2,1.272,0.629,3.099,-2.935,11.402,4,11
8,Yxf,GSS,-1.896,-13.862,10.936,-21.528,36.258,4,11
8,Yeg,AICc,,,,,,1,14
8,Yeg,MNCI,,,,,,1,14
8,Yeg,RSQ2,,,,,,1,14
8,Yeg,GSS,,,,,,1,14
8,Yef,AICc,,,,,,1,14
8,Yef,MNCI,,,,,,1,14
8,Yef,RSQ2,,,,,,1,14
8,Yef,GSS,,,,,,1,14
7,mu0,AICc,-5.271,-6.024,-4.108,-6.836,-2.918,32,55
7,mu0,MNCI,-45.791,-47.548,-43.73,-50.888,-37.853,32,55
7,mu0,RSQ2,7.926,5.974,8.859,4.538,10.414,32,55
7,mu0,GSS,-19.16,-25.247,-15.077,-33.798,-5.274,32,55
7,betaG0,AICc,-3.106,-3.673,-2.392,-5.45,-1.232,51,36
7,betaG0,MNCI,-12.653,-19.709,-6.236,-30.733,4.026,51,36
7,betaG0,RSQ2,4.339,3.33,5.105,1.492,6.684,51,36
7,betaG0,GSS,-8.451,-15.045,-2.727,-25.738,2.958,51,36
7,betaF0,AICc,-2.085,-2.965,-1.415,-4.266,-0.18,69,18
7,betaF0,MNCI,-19.405,-22.146,-16.9,-30.104,-10.288,69,18
7,betaF0,RSQ2,2.343,1.35,3.392,-0.975,5.904,69,18
7,betaF0,GSS,-6.199,-9.707,-2.608,-19.997,24.53,69,18
7,Kn0,AICc,5.57,4.434,6.384,2.898,7.621,55,32
7,Kn0,MNCI,84.724,78.809,90.697,61.5,102.806,55,32
7,Kn0,RSQ2,-7.32,-8.087,-5.721,-9.38,-4.192,55,32
7,Kn0,GSS,24.585,17.216,35.177,5.181,50.051,55,32
7,Kg0,AICc,3.003,2.517,3.524,1.309,5.021,46,41
7,Kg0,MNCI,1.437,-3.018,9.009,-12.141,31.201,46,41
7,Kg0,RSQ2,-4.137,-4.915,-3.231,-6.301,-0.731,46,41
7,Kg0,GSS,9.395,3.74,17.755,-3.536,35.255,46,41
7,Kf0,AICc,2.696,1.813,3.273,0.547,4.691,38,49
7,Kf0,MNCI,21.276,13.991,28.025,1.227,47.625,38,49
7,Kf0,RSQ2,-3.174,-4.142,-2.232,-5.582,-0.095,38,49
7,Kf0,GSS,8.588,4.563,18.679,-1.574,31.656,38,49
7,Kig0,AICc,1.991,0.89,2.891,-0.551,4.608,41,46
7,Kig0,MNCI,8.579,2.062,14.69,-7.171,30.295,41,46
7,Kig0,RSQ2,-2.742,-3.624,-1.808,-5.269,0.103,41,46
7,Kig0,GSS,-3.841,-7.191,2.661,-22.748,11.399,41,46
7,Kie0,AICc,0.318,-0.322,1.388,-1.31,2.886,48,39
7,Kie0,MNCI,2.743,-6.145,9.368,-15.286,26.573,48,39
7,Kie0,RSQ2,-2.534,-3.382,-1.825,-4.746,-0.425,48,39
7,Kie0,GSS,44.583,40.96,51.494,29.772,59.157,48,39
7,Yxn,AICc,-0.555,-1.327,0.109,-3.032,1.277,44,43
7,Yxn,MNCI,-10.448,-16.49,-4.68,-41.231,9.007,44,43
7,Yxn,RSQ2,3.621,2.914,4.352,1.443,5.798,44,43
7,Yxn,GSS,-34.239,-35.65,-31.16,-37.878,-26.063,44,43
7,Yxg,AICc,0.633,0.044,1.147,-1.741,2.277,29,58
7,Yxg,MNCI,-5.568,-13.246,2.154,-30.738,9.183,29,58
7,Yxg,RSQ2,-0.696,-1.496,0.16,-3.242,2.186,29,58
7,Yxg,GSS,16.545,10.108,22.684,2.159,39.068,29,58
7,Yxf,AICc,1.571,0.905,2.646,-0.668,4.793,25,62
7,Yxf,MNCI,6.793,0.635,14.345,-7.58,29.795,25,62
7,Yxf,RSQ2,-2.861,-3.755,-2.056,-5.805,-0.241,25,62
7,Yxf,GSS,3.753,-0.145,11.335,-15.999,24.905,25,62
7,Yeg,AICc,-4.045,-4.403,-3.279,-6.057,-1.513,25,62
7,Yeg,MNCI,-5.263,-10.797,-0.371,-32.271,15.25,25,62
7,Yeg,RSQ2,5.31,4.265,6.917,2.353,9.866,25,62
7,Yeg,GSS,-16.61,-22.471,-13.514,-30.813,-2.891,25,62
7,Yef,AICc,-2.112,-2.637,-0.928,-3.697,0.88,19,68
7,Yef,MNCI,16.733,11.617,25.162,-2.034,60.245,19,68
7,Yef,RSQ2,1.636,0.529,3.056,-1.556,6.641,19,68
7,Yef,GSS,-2.24,-5.138,0.891,-18.668,12.218,19,68
