scenario,pair,spearman_rho
No-priority,TOPSIS::No-priority vs LINMAP::No-priority,0.9760137064534552
No-priority,TOPSIS::No-priority vs VIKOR::No-priority,0.9437683960813602
No-priority,TOPSIS::No-priority vs SAW::No-priority,0.9958375433818037
No-priority,TOPSIS::No-priority vs MEW::No-priority,0.9589618837326233
No-priority,TOPSIS::No-priority vs GRA::No-priority,0.9659754865351667
No-priority,TOPSIS::No-priority vs FUCA::No-priority,0.9790567761758683
No-priority,LINMAP::No-priority vs VIKOR::No-priority,0.9864912357773581
No-priority,LINMAP::No-priority vs SAW::No-priority,0.9595725519483373
No-priority,LINMAP::No-priority vs MEW::No-priority,0.9911421812752181
No-priority,LINMAP::No-priority vs GRA::No-priority,0.9001559548389931
No-priority,LINMAP::No-priority vs FUCA::No-priority,0.9399492041061982
No-priority,VIKOR::No-priority vs SAW::No-priority,0.9230329921363617
No-priority,VIKOR::No-priority vs MEW::No-priority,0.984008698935998
No-priority,VIKOR::No-priority vs GRA::No-priority,0.8547643105038879
No-priority,VIKOR::No-priority vs FUCA::No-priority,0.9052021730031505
No-priority,SAW::No-priority vs MEW::No-priority,0.9412187879373802
No-priority,SAW::No-priority vs GRA::No-priority,0.9792206651144401
No-priority,SAW::No-priority vs FUCA::No-priority,0.9844717552603641
No-priority,MEW::No-priority vs GRA::No-priority,0.882377168795929
No-priority,MEW::No-priority vs FUCA::No-priority,0.923468759135922
No-priority,GRA::No-priority vs FUCA::No-priority,0.9641243947045253
Parsimony,TOPSIS::Parsimony vs LINMAP::Parsimony,0.9990664675130696
Parsimony,TOPSIS::Parsimony vs VIKOR::Parsimony,0.9986381408425954
Parsimony,TOPSIS::Parsimony vs SAW::Parsimony,0.99144444932566
Parsimony,TOPSIS::Parsimony vs MEW::Parsimony,0.9339699837127685
Parsimony,TOPSIS::Parsimony vs GRA::Parsimony,0.8500966480692352
Parsimony,TOPSIS::Parsimony vs FUCA::Parsimony,0.9942697422107895
Parsimony,LINMAP::Parsimony vs VIKOR::Parsimony,0.99785836664763
Parsimony,LINMAP::Parsimony vs SAW::Parsimony,0.9891380749461847
Parsimony,LINMAP::Parsimony vs MEW::Parsimony,0.933547136799666
Parsimony,LINMAP::Parsimony vs GRA::Parsimony,0.8384110178798928
Parsimony,LINMAP::Parsimony vs FUCA::Parsimony,0.9920676977690215
Parsimony,VIKOR::Parsimony vs SAW::Parsimony,0.9955080613275931
Parsimony,VIKOR::Parsimony vs MEW::Parsimony,0.9419052277313775
Parsimony,VIKOR::Parsimony vs GRA::Parsimony,0.8621227430479288
Parsimony,VIKOR::Parsimony vs FUCA::Parsimony,0.9951758203476766
Parsimony,SAW::Parsimony vs MEW::Parsimony,0.9522787058982652
Parsimony,SAW::Parsimony vs GRA::Parsimony,0.8931599525545841
Parsimony,SAW::Parsimony vs FUCA::Parsimony,0.9943795698637454
Parsimony,MEW::Parsimony vs GRA::Parsimony,0.8422671187530771
Parsimony,MEW::Parsimony vs FUCA::Parsimony,0.9396727598099242
Parsimony,GRA::Parsimony vs FUCA::Parsimony,0.8849747533716127
Goodness-of-fit,TOPSIS::Goodness-of-fit vs LINMAP::Goodness-of-fit,0.9997693625620526
Goodness-of-fit,TOPSIS::Goodness-of-fit vs VIKOR::Goodness-of-fit,0.998012124939595
Goodness-of-fit,TOPSIS::Goodness-of-fit vs SAW::Goodness-of-fit,0.9857004788472521
Goodness-of-fit,TOPSIS::Goodness-of-fit vs MEW::Goodness-of-fit,0.9282697876634146
Goodness-of-fit,TOPSIS::Goodness-of-fit vs GRA::Goodness-of-fit,0.7993234635153539
Goodness-of-fit,TOPSIS::Goodness-of-fit vs FUCA::Goodness-of-fit,0.9905575157184525
Goodness-of-fit,LINMAP::Goodness-of-fit vs VIKOR::Goodness-of-fit,0.9977375565610861
Goodness-of-fit,LINMAP::Goodness-of-fit vs SAW::Goodness-of-fit,0.9854368932038835
Goodness-of-fit,LINMAP::Goodness-of-fit vs MEW::Goodness-of-fit,0.9290440917510435
Goodness-of-fit,LINMAP::Goodness-of-fit vs GRA::Goodness-of-fit,0.7960396257083865
Goodness-of-fit,LINMAP::Goodness-of-fit vs FUCA::Goodness-of-fit,0.9901346769325896
Goodness-of-fit,VIKOR::Goodness-of-fit vs SAW::Goodness-of-fit,0.993179721477837
Goodness-of-fit,VIKOR::Goodness-of-fit vs MEW::Goodness-of-fit,0.9378360126325613
Goodness-of-fit,VIKOR::Goodness-of-fit vs GRA::Goodness-of-fit,0.8248473399815489
Goodness-of-fit,VIKOR::Goodness-of-fit vs FUCA::Goodness-of-fit,0.9946925495594242
Goodness-of-fit,SAW::Goodness-of-fit vs MEW::Goodness-of-fit,0.9502303695529772
Goodness-of-fit,SAW::Goodness-of-fit vs GRA::Goodness-of-fit,0.8714580679172341
Goodness-of-fit,SAW::Goodness-of-fit vs FUCA::Goodness-of-fit,0.9945991955417662
Goodness-of-fit,MEW::Goodness-of-fit vs GRA::Goodness-of-fit,0.828142933551788
Goodness-of-fit,MEW::Goodness-of-fit vs FUCA::Goodness-of-fit,0.9343895442355274
Goodness-of-fit,GRA::Goodness-of-fit vs FUCA::Goodness-of-fit,0.8582034843305383
Identifiability,TOPSIS::Identifiability vs LINMAP::Identifiability,0.9990225365725081
Identifiability,TOPSIS::Identifiability vs VIKOR::Identifiability,0.996364714668541
Identifiability,TOPSIS::Identifiability vs SAW::Identifiability,0.9803848350393182
Identifiability,TOPSIS::Identifiability vs MEW::Identifiability,0.918895765836587
Identifiability,TOPSIS::Identifiability vs GRA::Identifiability,0.8453630892237403
Identifiability,TOPSIS::Identifiability vs FUCA::Identifiability,0.9899370413016747
Identifiability,LINMAP::Identifiability vs VIKOR::Identifiability,0.9973970917717349
Identifiability,LINMAP::Identifiability vs SAW::Identifiability,0.9838553793436718
Identifiability,LINMAP::Identifiability vs MEW::Identifiability,0.9294120234806262
Identifiability,LINMAP::Identifiability vs GRA::Identifiability,0.8560273250450292
Identifiability,LINMAP::Identifiability vs FUCA::Identifiability,0.9902994725564296
Identifiability,VIKOR::Identifiability vs SAW::Identifiability,0.9903571585467644
Identifiability,VIKOR::Identifiability vs MEW::Identifiability,0.9343159493689431
Identifiability,VIKOR::Identifiability vs GRA::Identifiability,0.8767846944603084
Identifiability,VIKOR::Identifiability vs FUCA::Identifiability,0.9928804224008958
Identifiability,SAW::Identifiability vs MEW::Identifiability,0.9417294991441143
Identifiability,SAW::Identifiability vs GRA::Identifiability,0.9189803628695691
Identifiability,SAW::Identifiability vs FUCA::Identifiability,0.9871584016818876
Identifiability,MEW::Identifiability vs GRA::Identifiability,0.8922838679028985
Identifiability,MEW::Identifiability vs FUCA::Identifiability,0.9231761933861631
Identifiability,GRA::Identifiability vs FUCA::Identifiability,0.8877424102261042
Sensitivity,TOPSIS::Sensitivity vs LINMAP::Sensitivity,0.9994618459781224
Sensitivity,TOPSIS::Sensitivity vs VIKOR::Sensitivity,0.9920814479638009
Sensitivity,TOPSIS::Sensitivity vs SAW::Sensitivity,0.9505886746035233
Sensitivity,TOPSIS::Sensitivity vs MEW::Sensitivity,0.8230248384477439
Sensitivity,TOPSIS::Sensitivity vs GRA::Sensitivity,-0.014585072266397225
Sensitivity,TOPSIS::Sensitivity vs FUCA::Sensitivity,0.9560112793035622
Sensitivity,LINMAP::Sensitivity vs VIKOR::Sensitivity,0.9906646751306947
Sensitivity,LINMAP::Sensitivity vs SAW::Sensitivity,0.9478320080832932
Sensitivity,LINMAP::Sensitivity vs MEW::Sensitivity,0.8237277527967971
Sensitivity,LINMAP::Sensitivity vs GRA::Sensitivity,-0.02549092826077406
Sensitivity,LINMAP::Sensitivity vs FUCA::Sensitivity,0.9537378468873727
Sensitivity,VIKOR::Sensitivity vs SAW::Sensitivity,0.9786715283574222
Sensitivity,VIKOR::Sensitivity vs MEW::Sensitivity,0.861273263769275
Sensitivity,VIKOR::Sensitivity vs GRA::Sensitivity,0.08867460352326144
Sensitivity,VIKOR::Sensitivity vs FUCA::Sensitivity,0.9792617934343503
Sensitivity,SAW::Sensitivity vs MEW::Sensitivity,0.9119105544928703
Sensitivity,SAW::Sensitivity vs GRA::Sensitivity,0.2565676756139349
Sensitivity,SAW::Sensitivity vs FUCA::Sensitivity,0.9888607303027058
Sensitivity,MEW::Sensitivity vs GRA::Sensitivity,0.3709850137862695
Sensitivity,MEW::Sensitivity vs FUCA::Sensitivity,0.9114792271802342
Sensitivity,GRA::Sensitivity vs FUCA::Sensitivity,0.25250475691117047
